score,student_id,test_id,level_id
72,1,1,2
72,1,2,2
74,1,3,2
69,2,1,4
90,2,2,4
88,2,3,4
90,3,1,1
95,3,2,1
93,3,3,1
47,4,1,3
57,4,2,3
44,4,3,3
76,5,1,4
78,5,2,4
75,5,3,4
71,6,1,3
83,6,2,3
78,6,3,3
88,7,1,4
95,7,2,4
92,7,3,4
40,8,1,4
43,8,2,4
39,8,3,4
64,9,1,5
64,9,2,5
67,9,3,5
38,10,1,5
60,10,2,5
50,10,3,5
58,11,1,3
54,11,2,3
52,11,3,3
40,12,1,3
52,12,2,3
43,12,3,3
65,13,1,5
81,13,2,5
73,13,3,5
78,14,1,4
72,14,2,4
70,14,3,4
50,15,1,1
53,15,2,1
58,15,3,1
69,16,1,6
75,16,2,6
78,16,3,6
88,17,1,5
89,17,2,5
86,17,3,5
18,18,1,6
32,18,2,6
28,18,3,6
46,19,1,1
42,19,2,1
46,19,3,1
54,20,1,3
58,20,2,3
61,20,3,3
66,21,1,5
69,21,2,5
63,21,3,5
65,22,1,4
75,22,2,4
70,22,3,4
44,23,1,4
54,23,2,4
53,23,3,4
69,24,1,6
73,24,2,6
73,24,3,6
74,25,1,2
71,25,2,2
80,25,3,2
73,26,1,1
74,26,2,1
72,26,3,1
69,27,1,4
54,27,2,4
55,27,3,4
67,28,1,2
69,28,2,2
75,28,3,2
70,29,1,5
70,29,2,5
65,29,3,5
62,30,1,1
70,30,2,1
75,30,3,1
69,31,1,4
74,31,2,4
74,31,3,4
63,32,1,4
65,32,2,4
61,32,3,4
56,33,1,1
72,33,2,1
65,33,3,1
40,34,1,4
42,34,2,4
38,34,3,4
97,35,1,4
87,35,2,4
82,35,3,4
81,36,1,3
81,36,2,3
79,36,3,3
74,37,1,3
81,37,2,3
83,37,3,3
50,38,1,6
64,38,2,6
59,38,3,6
75,39,1,3
90,39,2,3
88,39,3,3
57,40,1,3
56,40,2,3
57,40,3,3
55,41,1,3
61,41,2,3
54,41,3,3
58,42,1,3
73,42,2,3
68,42,3,3
53,43,1,3
58,43,2,3
65,43,3,3
59,44,1,4
65,44,2,4
66,44,3,4
50,45,1,3
56,45,2,3
54,45,3,3
65,46,1,3
54,46,2,3
57,46,3,3
55,47,1,3
65,47,2,3
62,47,3,3
66,48,1,5
71,48,2,5
76,48,3,5
57,49,1,3
74,49,2,3
76,49,3,3
82,50,1,5
84,50,2,5
82,50,3,5
53,51,1,4
55,51,2,4
48,51,3,4
77,52,1,3
69,52,2,3
68,52,3,3
53,53,1,4
44,53,2,4
42,53,3,4
88,54,1,5
78,54,2,5
75,54,3,5
71,55,1,6
84,55,2,6
87,55,3,6
33,56,1,5
41,56,2,5
43,56,3,5
82,57,1,3
85,57,2,3
86,57,3,3
52,58,1,3
55,58,2,3
49,58,3,3
58,59,1,4
59,59,2,4
58,59,3,4
0,60,1,6
17,60,2,6
10,60,3,6
79,61,1,2
74,61,2,2
72,61,3,2
39,62,1,6
39,62,2,6
34,62,3,6
62,63,1,3
61,63,2,3
55,63,3,3
69,64,1,3
80,64,2,3
71,64,3,3
59,65,1,6
58,65,2,6
59,65,3,6
67,66,1,6
64,66,2,6
61,66,3,6
45,67,1,6
37,67,2,6
37,67,3,6
60,68,1,4
72,68,2,4
74,68,3,4
61,69,1,3
58,69,2,3
56,69,3,3
39,70,1,3
64,70,2,3
57,70,3,3
58,71,1,4
63,71,2,4
73,71,3,4
63,72,1,4
55,72,2,4
63,72,3,4
41,73,1,3
51,73,2,3
48,73,3,3
61,74,1,6
57,74,2,6
56,74,3,6
49,75,1,6
49,75,2,6
41,75,3,6
44,76,1,3
41,76,2,3
38,76,3,3
30,77,1,6
26,77,2,6
22,77,3,6
80,78,1,2
78,78,2,2
81,78,3,2
61,79,1,6
74,79,2,6
72,79,3,6
62,80,1,1
68,80,2,1
68,80,3,1
47,81,1,3
49,81,2,3
50,81,3,3
49,82,1,5
45,82,2,5
45,82,3,5
50,83,1,4
47,83,2,4
54,83,3,4
72,84,1,3
64,84,2,3
63,84,3,3
42,85,1,5
39,85,2,5
34,85,3,5
73,86,1,4
80,86,2,4
82,86,3,4
76,87,1,4
83,87,2,4
88,87,3,4
71,88,1,3
71,88,2,3
74,88,3,3
58,89,1,4
70,89,2,4
67,89,3,4
73,90,1,6
86,90,2,6
82,90,3,6
65,91,1,2
72,91,2,2
74,91,3,2
27,92,1,5
34,92,2,5
36,92,3,5
71,93,1,5
79,93,2,5
71,93,3,5
43,94,1,3
45,94,2,3
50,94,3,3
79,95,1,4
86,95,2,4
92,95,3,4
78,96,1,3
81,96,2,3
82,96,3,3
65,97,1,6
66,97,2,6
62,97,3,6
63,98,1,4
72,98,2,4
70,98,3,4
58,99,1,4
67,99,2,4
62,99,3,4
65,100,1,2
67,100,2,2
62,100,3,2
79,101,1,4
67,101,2,4
67,101,3,4
68,102,1,2
74,102,2,2
74,102,3,2
85,103,1,3
91,103,2,3
89,103,3,3
60,104,1,5
44,104,2,5
47,104,3,5
98,105,1,4
86,105,2,4
90,105,3,4
58,106,1,4
67,106,2,4
72,106,3,4
87,107,1,1
100,107,2,1
100,107,3,1
66,108,1,3
63,108,2,3
64,108,3,3
52,109,1,3
76,109,2,3
70,109,3,3
70,110,1,6
64,110,2,6
72,110,3,6
77,111,1,3
89,111,2,3
98,111,3,3
62,112,1,5
55,112,2,5
49,112,3,5
54,113,1,3
53,113,2,3
47,113,3,3
51,114,1,4
58,114,2,4
54,114,3,4
99,115,1,2
100,115,2,2
100,115,3,2
84,116,1,5
77,116,2,5
74,116,3,5
75,117,1,2
85,117,2,2
82,117,3,2
78,118,1,2
82,118,2,2
79,118,3,2
51,119,1,6
63,119,2,6
61,119,3,6
55,120,1,4
69,120,2,4
65,120,3,4
79,121,1,2
92,121,2,2
89,121,3,2
91,122,1,3
89,122,2,3
92,122,3,3
88,123,1,4
93,123,2,4
93,123,3,4
63,124,1,5
57,124,2,5
56,124,3,5
83,125,1,4
80,125,2,4
73,125,3,4
87,126,1,5
95,126,2,5
86,126,3,5
72,127,1,6
68,127,2,6
67,127,3,6
65,128,1,4
77,128,2,4
74,128,3,4
82,129,1,1
82,129,2,1
74,129,3,1
51,130,1,2
49,130,2,2
51,130,3,2
89,131,1,1
84,131,2,1
82,131,3,1
53,132,1,6
37,132,2,6
40,132,3,6
87,133,1,4
74,133,2,4
70,133,3,4
75,134,1,4
81,134,2,4
84,134,3,4
74,135,1,2
79,135,2,2
75,135,3,2
58,136,1,2
55,136,2,2
48,136,3,2
51,137,1,6
54,137,2,6
41,137,3,6
70,138,1,5
55,138,2,5
56,138,3,5
59,139,1,3
66,139,2,3
67,139,3,3
71,140,1,4
61,140,2,4
69,140,3,4
76,141,1,6
72,141,2,6
71,141,3,6
59,142,1,4
62,142,2,4
64,142,3,4
42,143,1,4
55,143,2,4
54,143,3,4
57,144,1,5
43,144,2,5
47,144,3,5
88,145,1,4
73,145,2,4
78,145,3,4
22,146,1,4
39,146,2,4
33,146,3,4
88,147,1,6
84,147,2,6
75,147,3,6
73,148,1,3
68,148,2,3
66,148,3,3
68,149,1,2
75,149,2,2
81,149,3,2
100,150,1,3
100,150,2,3
93,150,3,3
62,151,1,6
67,151,2,6
69,151,3,6
77,152,1,2
67,152,2,2
68,152,3,2
59,153,1,3
70,153,2,3
66,153,3,3
54,154,1,2
49,154,2,2
47,154,3,2
62,155,1,6
67,155,2,6
61,155,3,6
70,156,1,4
89,156,2,4
88,156,3,4
66,157,1,5
74,157,2,5
78,157,3,5
60,158,1,4
60,158,2,4
60,158,3,4
61,159,1,3
86,159,2,3
87,159,3,3
66,160,1,3
62,160,2,3
64,160,3,3
82,161,1,3
78,161,2,3
74,161,3,3
75,162,1,4
88,162,2,4
85,162,3,4
49,163,1,1
53,163,2,1
52,163,3,1
52,164,1,5
53,164,2,5
49,164,3,5
81,165,1,1
92,165,2,1
91,165,3,1
96,166,1,2
100,166,2,2
100,166,3,2
53,167,1,5
51,167,2,5
51,167,3,5
58,168,1,1
76,168,2,1
78,168,3,1
68,169,1,5
83,169,2,5
78,169,3,5
67,170,1,4
75,170,2,4
70,170,3,4
72,171,1,5
73,171,2,5
74,171,3,5
94,172,1,6
88,172,2,6
78,172,3,6
79,173,1,4
86,173,2,4
81,173,3,4
63,174,1,3
67,174,2,3
70,174,3,3
43,175,1,2
51,175,2,2
54,175,3,2
81,176,1,1
91,176,2,1
87,176,3,1
46,177,1,5
54,177,2,5
58,177,3,5
71,178,1,3
77,178,2,3
77,178,3,3
52,179,1,1
70,179,2,1
62,179,3,1
97,180,1,6
100,180,2,6
100,180,3,6
62,181,1,1
68,181,2,1
75,181,3,1
46,182,1,4
64,182,2,4
66,182,3,4
50,183,1,5
50,183,2,5
47,183,3,5
65,184,1,3
69,184,2,3
70,184,3,3
45,185,1,6
52,185,2,6
49,185,3,6
65,186,1,3
67,186,2,3
65,186,3,3
80,187,1,5
76,187,2,5
65,187,3,5
62,188,1,6
66,188,2,6
68,188,3,6
48,189,1,6
52,189,2,6
45,189,3,6
77,190,1,2
88,190,2,2
87,190,3,2
66,191,1,3
65,191,2,3
69,191,3,3
76,192,1,4
83,192,2,4
79,192,3,4
62,193,1,6
64,193,2,6
66,193,3,6
77,194,1,4
62,194,2,4
62,194,3,4
69,195,1,1
84,195,2,1
85,195,3,1
61,196,1,3
55,196,2,3
52,196,3,3
59,197,1,6
69,197,2,6
65,197,3,6
55,198,1,5
56,198,2,5
51,198,3,5
45,199,1,4
53,199,2,4
55,199,3,4
78,200,1,2
79,200,2,2
76,200,3,2
67,201,1,3
84,201,2,3
86,201,3,3
65,202,1,4
81,202,2,4
77,202,3,4
69,203,1,3
77,203,2,3
69,203,3,3
57,204,1,3
69,204,2,3
68,204,3,3
59,205,1,4
41,205,2,4
42,205,3,4
74,206,1,6
71,206,2,6
78,206,3,6
82,207,1,2
62,207,2,2
62,207,3,2
81,208,1,5
80,208,2,5
76,208,3,5
74,209,1,4
81,209,2,4
76,209,3,4
58,210,1,4
61,210,2,4
66,210,3,4
80,211,1,6
79,211,2,6
79,211,3,6
35,212,1,4
28,212,2,4
27,212,3,4
42,213,1,5
62,213,2,5
60,213,3,5
60,214,1,3
51,214,2,3
56,214,3,3
87,215,1,5
91,215,2,5
81,215,3,5
84,216,1,6
83,216,2,6
75,216,3,6
83,217,1,3
86,217,2,3
88,217,3,3
34,218,1,5
42,218,2,5
39,218,3,5
66,219,1,5
77,219,2,5
70,219,3,5
61,220,1,6
56,220,2,6
56,220,3,6
56,221,1,5
68,221,2,5
74,221,3,5
87,222,1,3
85,222,2,3
73,222,3,3
55,223,1,6
65,223,2,6
62,223,3,6
86,224,1,6
80,224,2,6
75,224,3,6
52,225,1,3
66,225,2,3
73,225,3,3
45,226,1,1
56,226,2,1
54,226,3,1
72,227,1,4
72,227,2,4
71,227,3,4
57,228,1,5
50,228,2,5
54,228,3,5
68,229,1,6
72,229,2,6
64,229,3,6
88,230,1,4
95,230,2,4
94,230,3,4
76,231,1,4
64,231,2,4
66,231,3,4
46,232,1,3
43,232,2,3
42,232,3,3
67,233,1,2
86,233,2,2
83,233,3,2
92,234,1,6
87,234,2,6
78,234,3,6
83,235,1,2
82,235,2,2
84,235,3,2
80,236,1,3
75,236,2,3
77,236,3,3
63,237,1,2
66,237,2,2
67,237,3,2
64,238,1,6
60,238,2,6
74,238,3,6
54,239,1,4
52,239,2,4
51,239,3,4
84,240,1,3
80,240,2,3
80,240,3,3
73,241,1,5
68,241,2,5
66,241,3,5
80,242,1,2
83,242,2,2
83,242,3,2
56,243,1,5
52,243,2,5
55,243,3,5
59,244,1,4
51,244,2,4
43,244,3,4
75,245,1,6
74,245,2,6
69,245,3,6
85,246,1,3
76,246,2,3
71,246,3,3
89,247,1,3
76,247,2,3
74,247,3,3
58,248,1,5
70,248,2,5
68,248,3,5
65,249,1,5
64,249,2,5
62,249,3,5
68,250,1,5
60,250,2,5
53,250,3,5
47,251,1,6
49,251,2,6
49,251,3,6
71,252,1,4
83,252,2,4
83,252,3,4
60,253,1,6
70,253,2,6
70,253,3,6
80,254,1,1
80,254,2,1
72,254,3,1
54,255,1,5
52,255,2,5
52,255,3,5
62,256,1,4
73,256,2,4
70,256,3,4
64,257,1,3
73,257,2,3
68,257,3,3
78,258,1,3
77,258,2,3
77,258,3,3
70,259,1,4
75,259,2,4
78,259,3,4
65,260,1,1
81,260,2,1
81,260,3,1
64,261,1,6
79,261,2,6
77,261,3,6
79,262,1,4
79,262,2,4
78,262,3,4
44,263,1,6
50,263,2,6
51,263,3,6
99,264,1,5
93,264,2,5
90,264,3,5
76,265,1,5
73,265,2,5
68,265,3,5
59,266,1,6
42,266,2,6
41,266,3,6
63,267,1,2
75,267,2,2
81,267,3,2
69,268,1,5
72,268,2,5
77,268,3,5
88,269,1,3
92,269,2,3
95,269,3,3
71,270,1,4
76,270,2,4
70,270,3,4
69,271,1,2
63,271,2,2
61,271,3,2
58,272,1,4
49,272,2,4
42,272,3,4
47,273,1,3
53,273,2,3
58,273,3,3
65,274,1,4
70,274,2,4
71,274,3,4
88,275,1,4
85,275,2,4
76,275,3,4
83,276,1,2
78,276,2,2
73,276,3,2
85,277,1,6
92,277,2,6
93,277,3,6
59,278,1,5
63,278,2,5
75,278,3,5
65,279,1,6
86,279,2,6
80,279,3,6
73,280,1,2
56,280,2,2
57,280,3,2
53,281,1,5
52,281,2,5
42,281,3,5
45,282,1,5
48,282,2,5
46,282,3,5
73,283,1,2
79,283,2,2
84,283,3,2
70,284,1,4
78,284,2,4
78,284,3,4
37,285,1,6
46,285,2,6
46,285,3,6
81,286,1,3
82,286,2,3
82,286,3,3
97,287,1,3
82,287,2,3
88,287,3,3
67,288,1,6
89,288,2,6
82,288,3,6
88,289,1,2
75,289,2,2
76,289,3,2
77,290,1,6
76,290,2,6
77,290,3,6
76,291,1,3
70,291,2,3
68,291,3,3
86,292,1,6
73,292,2,6
70,292,3,6
63,293,1,6
60,293,2,6
57,293,3,6
65,294,1,2
73,294,2,2
75,294,3,2
78,295,1,5
77,295,2,5
80,295,3,5
67,296,1,3
62,296,2,3
60,296,3,3
46,297,1,6
41,297,2,6
43,297,3,6
71,298,1,3
74,298,2,3
68,298,3,3
40,299,1,5
46,299,2,5
50,299,3,5
90,300,1,3
87,300,2,3
75,300,3,3
81,301,1,4
78,301,2,4
81,301,3,4
56,302,1,6
54,302,2,6
52,302,3,6
67,303,1,3
84,303,2,3
81,303,3,3
80,304,1,3
76,304,2,3
64,304,3,3
74,305,1,3
75,305,2,3
83,305,3,3
69,306,1,4
67,306,2,4
69,306,3,4
99,307,1,4
87,307,2,4
81,307,3,4
51,308,1,6
52,308,2,6
44,308,3,6
53,309,1,3
71,309,2,3
67,309,3,3
49,310,1,5
57,310,2,5
52,310,3,5
73,311,1,3
76,311,2,3
80,311,3,3
66,312,1,2
60,312,2,2
57,312,3,2
67,313,1,2
61,313,2,2
68,313,3,2
68,314,1,3
67,314,2,3
69,314,3,3
59,315,1,2
64,315,2,2
75,315,3,2
71,316,1,5
66,316,2,5
65,316,3,5
77,317,1,1
82,317,2,1
91,317,3,1
83,318,1,3
72,318,2,3
78,318,3,3
63,319,1,2
71,319,2,2
69,319,3,2
56,320,1,3
65,320,2,3
63,320,3,3
67,321,1,5
79,321,2,5
84,321,3,5
75,322,1,5
86,322,2,5
79,322,3,5
71,323,1,4
81,323,2,4
80,323,3,4
43,324,1,6
53,324,2,6
53,324,3,6
41,325,1,5
46,325,2,5
43,325,3,5
82,326,1,4
90,326,2,4
94,326,3,4
61,327,1,4
61,327,2,4
62,327,3,4
28,328,1,4
23,328,2,4
19,328,3,4
82,329,1,3
75,329,2,3
77,329,3,3
41,330,1,6
55,330,2,6
51,330,3,6
71,331,1,5
60,331,2,5
61,331,3,5
47,332,1,3
37,332,2,3
35,332,3,3
62,333,1,3
56,333,2,3
53,333,3,3
90,334,1,3
78,334,2,3
81,334,3,3
83,335,1,2
93,335,2,2
95,335,3,2
61,336,1,4
68,336,2,4
66,336,3,4
76,337,1,6
70,337,2,6
69,337,3,6
49,338,1,3
51,338,2,3
43,338,3,3
24,339,1,6
38,339,2,6
27,339,3,6
35,340,1,6
55,340,2,6
60,340,3,6
58,341,1,5
61,341,2,5
52,341,3,5
61,342,1,5
73,342,2,5
63,342,3,5
69,343,1,5
76,343,2,5
74,343,3,5
67,344,1,3
72,344,2,3
67,344,3,3
79,345,1,4
73,345,2,4
67,345,3,4
72,346,1,5
80,346,2,5
75,346,3,5
62,347,1,4
61,347,2,4
57,347,3,4
77,348,1,2
94,348,2,2
95,348,3,2
75,349,1,5
74,349,2,5
66,349,3,5
87,350,1,3
74,350,2,3
76,350,3,3
52,351,1,2
65,351,2,2
69,351,3,2
66,352,1,4
57,352,2,4
52,352,3,4
63,353,1,4
78,353,2,4
80,353,3,4
46,354,1,3
58,354,2,3
57,354,3,3
59,355,1,4
71,355,2,4
70,355,3,4
61,356,1,2
72,356,2,2
70,356,3,2
63,357,1,3
61,357,2,3
61,357,3,3
42,358,1,4
66,358,2,4
69,358,3,4
59,359,1,4
62,359,2,4
61,359,3,4
80,360,1,4
90,360,2,4
89,360,3,4
58,361,1,5
62,361,2,5
59,361,3,5
85,362,1,6
84,362,2,6
78,362,3,6
52,363,1,4
58,363,2,4
58,363,3,4
27,364,1,6
34,364,2,6
32,364,3,6
59,365,1,4
60,365,2,4
58,365,3,4
49,366,1,2
58,366,2,2
60,366,3,2
69,367,1,5
58,367,2,5
53,367,3,5
61,368,1,2
66,368,2,2
61,368,3,2
44,369,1,6
64,369,2,6
58,369,3,6
73,370,1,6
84,370,2,6
85,370,3,6
84,371,1,4
77,371,2,4
71,371,3,4
45,372,1,4
73,372,2,4
70,372,3,4
74,373,1,6
74,373,2,6
72,373,3,6
82,374,1,4
97,374,2,4
96,374,3,4
59,375,1,2
70,375,2,2
73,375,3,2
46,376,1,3
43,376,2,3
41,376,3,3
80,377,1,6
90,377,2,6
82,377,3,6
85,378,1,1
95,378,2,1
100,378,3,1
71,379,1,6
83,379,2,6
77,379,3,6
66,380,1,2
64,380,2,2
62,380,3,2
80,381,1,3
86,381,2,3
83,381,3,3
87,382,1,3
100,382,2,3
95,382,3,3
79,383,1,1
81,383,2,1
71,383,3,1
38,384,1,6
49,384,2,6
45,384,3,6
38,385,1,6
43,385,2,6
43,385,3,6
67,386,1,4
76,386,2,4
75,386,3,4
64,387,1,2
73,387,2,2
70,387,3,2
57,388,1,3
78,388,2,3
67,388,3,3
62,389,1,5
64,389,2,5
64,389,3,5
73,390,1,1
70,390,2,1
75,390,3,1
73,391,1,6
67,391,2,6
59,391,3,6
77,392,1,4
68,392,2,4
77,392,3,4
76,393,1,4
67,393,2,4
67,393,3,4
57,394,1,3
54,394,2,3
56,394,3,3
65,395,1,6
74,395,2,6
77,395,3,6
48,396,1,5
45,396,2,5
41,396,3,5
50,397,1,5
67,397,2,5
63,397,3,5
85,398,1,3
89,398,2,3
95,398,3,3
74,399,1,6
63,399,2,6
57,399,3,6
60,400,1,6
59,400,2,6
54,400,3,6
59,401,1,6
54,401,2,6
67,401,3,6
53,402,1,4
43,402,2,4
43,402,3,4
49,403,1,4
65,403,2,4
55,403,3,4
88,404,1,5
99,404,2,5
100,404,3,5
54,405,1,5
59,405,2,5
62,405,3,5
63,406,1,6
73,406,2,6
68,406,3,6
65,407,1,3
65,407,2,3
63,407,3,3
82,408,1,3
80,408,2,3
77,408,3,3
52,409,1,5
57,409,2,5
56,409,3,5
87,410,1,3
84,410,2,3
85,410,3,3
70,411,1,1
71,411,2,1
74,411,3,1
84,412,1,4
83,412,2,4
78,412,3,4
71,413,1,3
66,413,2,3
60,413,3,3
63,414,1,6
67,414,2,6
67,414,3,6
51,415,1,2
72,415,2,2
79,415,3,2
84,416,1,5
73,416,2,5
69,416,3,5
71,417,1,2
74,417,2,2
68,417,3,2
74,418,1,3
73,418,2,3
67,418,3,3
68,419,1,4
59,419,2,4
62,419,3,4
57,420,1,5
56,420,2,5
54,420,3,5
82,421,1,3
93,421,2,3
93,421,3,3
57,422,1,5
58,422,2,5
64,422,3,5
47,423,1,1
58,423,2,1
67,423,3,1
59,424,1,6
85,424,2,6
80,424,3,6
41,425,1,4
39,425,2,4
34,425,3,4
62,426,1,4
67,426,2,4
62,426,3,4
86,427,1,2
83,427,2,2
86,427,3,2
69,428,1,6
71,428,2,6
65,428,3,6
65,429,1,6
59,429,2,6
53,429,3,6
68,430,1,6
63,430,2,6
54,430,3,6
64,431,1,3
66,431,2,3
59,431,3,3
61,432,1,5
72,432,2,5
70,432,3,5
61,433,1,5
56,433,2,5
55,433,3,5
47,434,1,6
59,434,2,6
50,434,3,6
73,435,1,6
66,435,2,6
66,435,3,6
50,436,1,4
48,436,2,4
53,436,3,4
75,437,1,3
68,437,2,3
64,437,3,3
75,438,1,3
66,438,2,3
73,438,3,3
70,439,1,5
56,439,2,5
51,439,3,5
89,440,1,6
88,440,2,6
82,440,3,6
67,441,1,4
81,441,2,4
79,441,3,4
78,442,1,5
81,442,2,5
80,442,3,5
59,443,1,6
73,443,2,6
69,443,3,6
73,444,1,3
83,444,2,3
76,444,3,3
79,445,1,6
82,445,2,6
73,445,3,6
67,446,1,6
74,446,2,6
77,446,3,6
69,447,1,4
66,447,2,4
60,447,3,4
86,448,1,5
81,448,2,5
80,448,3,5
47,449,1,5
46,449,2,5
42,449,3,5
81,450,1,3
73,450,2,3
72,450,3,3
64,451,1,4
85,451,2,4
85,451,3,4
100,452,1,4
92,452,2,4
97,452,3,4
65,453,1,3
77,453,2,3
74,453,3,3
65,454,1,4
58,454,2,4
49,454,3,4
53,455,1,3
61,455,2,3
62,455,3,3
37,456,1,2
56,456,2,2
47,456,3,2
79,457,1,2
89,457,2,2
89,457,3,2
53,458,1,3
54,458,2,3
48,458,3,3
100,459,1,2
100,459,2,2
100,459,3,2
72,460,1,5
65,460,2,5
68,460,3,5
53,461,1,2
58,461,2,2
55,461,3,2
54,462,1,4
54,462,2,4
45,462,3,4
71,463,1,4
70,463,2,4
76,463,3,4
77,464,1,4
90,464,2,4
91,464,3,4
75,465,1,2
58,465,2,2
62,465,3,2
84,466,1,4
87,466,2,4
91,466,3,4
26,467,1,3
31,467,2,3
38,467,3,3
72,468,1,5
67,468,2,5
65,468,3,5
77,469,1,5
88,469,2,5
85,469,3,5
91,470,1,4
74,470,2,4
76,470,3,4
83,471,1,3
85,471,2,3
90,471,3,3
63,472,1,5
69,472,2,5
74,472,3,5
68,473,1,3
86,473,2,3
84,473,3,3
59,474,1,6
67,474,2,6
61,474,3,6
90,475,1,3
90,475,2,3
91,475,3,3
71,476,1,2
76,476,2,2
83,476,3,2
76,477,1,2
62,477,2,2
66,477,3,2
80,478,1,3
68,478,2,3
72,478,3,3
55,479,1,1
64,479,2,1
70,479,3,1
76,480,1,3
71,480,2,3
67,480,3,3
73,481,1,5
71,481,2,5
68,481,3,5
52,482,1,3
59,482,2,3
56,482,3,3
68,483,1,4
68,483,2,4
61,483,3,4
59,484,1,5
52,484,2,5
46,484,3,5
49,485,1,3
52,485,2,3
54,485,3,3
70,486,1,5
74,486,2,5
71,486,3,5
61,487,1,4
47,487,2,4
56,487,3,4
60,488,1,3
75,488,2,3
74,488,3,3
64,489,1,6
53,489,2,6
57,489,3,6
79,490,1,3
82,490,2,3
82,490,3,3
65,491,1,3
85,491,2,3
76,491,3,3
64,492,1,3
64,492,2,3
70,492,3,3
83,493,1,4
83,493,2,4
90,493,3,4
81,494,1,2
88,494,2,2
90,494,3,2
54,495,1,5
64,495,2,5
68,495,3,5
68,496,1,5
64,496,2,5
66,496,3,5
54,497,1,4
48,497,2,4
52,497,3,4
59,498,1,4
78,498,2,4
76,498,3,4
66,499,1,6
69,499,2,6
68,499,3,6
76,500,1,4
71,500,2,4
72,500,3,4
74,501,1,1
79,501,2,1
82,501,3,1
94,502,1,3
87,502,2,3
92,502,3,3
63,503,1,4
61,503,2,4
54,503,3,4
95,504,1,3
89,504,2,3
92,504,3,3
40,505,1,1
59,505,2,1
54,505,3,1
82,506,1,6
82,506,2,6
80,506,3,6
68,507,1,5
70,507,2,5
66,507,3,5
55,508,1,2
59,508,2,2
54,508,3,2
79,509,1,1
78,509,2,1
77,509,3,1
86,510,1,2
92,510,2,2
87,510,3,2
76,511,1,4
71,511,2,4
73,511,3,4
64,512,1,6
50,512,2,6
43,512,3,6
62,513,1,6
49,513,2,6
52,513,3,6
54,514,1,6
61,514,2,6
62,514,3,6
77,515,1,1
97,515,2,1
94,515,3,1
76,516,1,6
87,516,2,6
85,516,3,6
74,517,1,4
89,517,2,4
84,517,3,4
66,518,1,4
74,518,2,4
73,518,3,4
66,519,1,6
78,519,2,6
78,519,3,6
67,520,1,5
78,520,2,5
79,520,3,5
71,521,1,4
49,521,2,4
52,521,3,4
91,522,1,3
86,522,2,3
84,522,3,3
69,523,1,2
58,523,2,2
57,523,3,2
54,524,1,1
59,524,2,1
50,524,3,1
53,525,1,5
52,525,2,5
49,525,3,5
68,526,1,4
60,526,2,4
59,526,3,4
56,527,1,6
61,527,2,6
60,527,3,6
36,528,1,5
53,528,2,5
43,528,3,5
29,529,1,2
41,529,2,2
47,529,3,2
62,530,1,3
74,530,2,3
70,530,3,3
68,531,1,3
67,531,2,3
73,531,3,3
47,532,1,6
54,532,2,6
53,532,3,6
62,533,1,3
61,533,2,3
58,533,3,3
79,534,1,3
88,534,2,3
94,534,3,3
73,535,1,5
69,535,2,5
68,535,3,5
66,536,1,2
83,536,2,2
83,536,3,2
51,537,1,3
60,537,2,3
58,537,3,3
51,538,1,5
66,538,2,5
62,538,3,5
85,539,1,2
66,539,2,2
71,539,3,2
97,540,1,3
92,540,2,3
86,540,3,3
75,541,1,5
69,541,2,5
68,541,3,5
79,542,1,3
82,542,2,3
80,542,3,3
81,543,1,3
77,543,2,3
79,543,3,3
82,544,1,3
95,544,2,3
89,544,3,3
64,545,1,1
63,545,2,1
66,545,3,1
78,546,1,6
83,546,2,6
80,546,3,6
92,547,1,6
100,547,2,6
97,547,3,6
72,548,1,5
67,548,2,5
64,548,3,5
62,549,1,5
67,549,2,5
64,549,3,5
79,550,1,1
72,550,2,1
69,550,3,1
79,551,1,6
76,551,2,6
65,551,3,6
87,552,1,2
90,552,2,2
88,552,3,2
40,553,1,3
48,553,2,3
50,553,3,3
77,554,1,4
62,554,2,4
64,554,3,4
53,555,1,3
45,555,2,3
40,555,3,3
32,556,1,4
39,556,2,4
33,556,3,4
55,557,1,3
72,557,2,3
79,557,3,3
61,558,1,1
67,558,2,1
66,558,3,1
53,559,1,3
70,559,2,3
70,559,3,3
73,560,1,6
66,560,2,6
62,560,3,6
74,561,1,4
75,561,2,4
79,561,3,4
63,562,1,4
74,562,2,4
74,562,3,4
96,563,1,2
90,563,2,2
92,563,3,2
63,564,1,4
80,564,2,4
80,564,3,4
48,565,1,2
51,565,2,2
46,565,3,2
48,566,1,3
43,566,2,3
45,566,3,3
92,567,1,2
100,567,2,2
100,567,3,2
61,568,1,1
71,568,2,1
78,568,3,1
63,569,1,5
48,569,2,5
47,569,3,5
68,570,1,2
68,570,2,2
67,570,3,2
71,571,1,4
75,571,2,4
70,571,3,4
91,572,1,2
96,572,2,2
92,572,3,2
53,573,1,4
62,573,2,4
56,573,3,4
50,574,1,5
66,574,2,5
64,574,3,5
74,575,1,5
81,575,2,5
71,575,3,5
40,576,1,3
55,576,2,3
53,576,3,3
61,577,1,4
51,577,2,4
52,577,3,4
81,578,1,5
91,578,2,5
89,578,3,5
48,579,1,4
56,579,2,4
58,579,3,4
53,580,1,1
61,580,2,1
68,580,3,1
81,581,1,6
97,581,2,6
96,581,3,6
77,582,1,6
79,582,2,6
80,582,3,6
63,583,1,2
73,583,2,2
78,583,3,2
73,584,1,3
75,584,2,3
80,584,3,3
69,585,1,4
77,585,2,4
77,585,3,4
65,586,1,3
76,586,2,3
76,586,3,3
55,587,1,5
73,587,2,5
73,587,3,5
44,588,1,2
63,588,2,2
62,588,3,2
54,589,1,4
64,589,2,4
65,589,3,4
48,590,1,6
66,590,2,6
65,590,3,6
58,591,1,4
57,591,2,4
54,591,3,4
71,592,1,6
62,592,2,6
50,592,3,6
68,593,1,2
68,593,2,2
64,593,3,2
74,594,1,5
76,594,2,5
73,594,3,5
92,595,1,2
100,595,2,2
99,595,3,2
56,596,1,2
79,596,2,2
72,596,3,2
30,597,1,5
24,597,2,5
15,597,3,5
53,598,1,6
54,598,2,6
48,598,3,6
69,599,1,5
77,599,2,5
73,599,3,5
65,600,1,6
82,600,2,6
81,600,3,6
54,601,1,1
60,601,2,1
63,601,3,1
29,602,1,5
29,602,2,5
30,602,3,5
76,603,1,4
78,603,2,4
80,603,3,4
60,604,1,5
57,604,2,5
51,604,3,5
84,605,1,1
89,605,2,1
90,605,3,1
75,606,1,6
72,606,2,6
62,606,3,6
85,607,1,3
84,607,2,3
82,607,3,3
40,608,1,1
58,608,2,1
54,608,3,1
61,609,1,4
64,609,2,4
62,609,3,4
58,610,1,3
63,610,2,3
65,610,3,3
69,611,1,4
60,611,2,4
63,611,3,4
58,612,1,4
59,612,2,4
66,612,3,4
94,613,1,2
90,613,2,2
91,613,3,2
65,614,1,3
77,614,2,3
74,614,3,3
82,615,1,3
93,615,2,3
93,615,3,3
60,616,1,5
68,616,2,5
72,616,3,5
37,617,1,2
45,617,2,2
38,617,3,2
88,618,1,2
78,618,2,2
83,618,3,2
95,619,1,1
81,619,2,1
84,619,3,1
65,620,1,3
73,620,2,3
68,620,3,3
35,621,1,5
61,621,2,5
54,621,3,5
62,622,1,2
63,622,2,2
56,622,3,2
58,623,1,5
51,623,2,5
52,623,3,5
100,624,1,4
96,624,2,4
86,624,3,4
61,625,1,2
58,625,2,2
62,625,3,2
100,626,1,4
97,626,2,4
99,626,3,4
69,627,1,3
70,627,2,3
63,627,3,3
61,628,1,3
48,628,2,3
46,628,3,3
49,629,1,4
57,629,2,4
46,629,3,4
44,630,1,6
51,630,2,6
55,630,3,6
67,631,1,4
64,631,2,4
70,631,3,4
79,632,1,5
60,632,2,5
65,632,3,5
66,633,1,2
74,633,2,2
81,633,3,2
75,634,1,5
88,634,2,5
85,634,3,5
84,635,1,6
84,635,2,6
80,635,3,6
71,636,1,5
74,636,2,5
64,636,3,5
67,637,1,5
80,637,2,5
81,637,3,5
80,638,1,6
92,638,2,6
88,638,3,6
86,639,1,4
76,639,2,4
74,639,3,4
76,640,1,3
74,640,2,3
73,640,3,3
41,641,1,5
52,641,2,5
51,641,3,5
74,642,1,3
88,642,2,3
90,642,3,3
72,643,1,6
81,643,2,6
79,643,3,6
74,644,1,5
79,644,2,5
80,644,3,5
70,645,1,5
65,645,2,5
60,645,3,5
65,646,1,2
81,646,2,2
81,646,3,2
59,647,1,3
70,647,2,3
65,647,3,3
64,648,1,5
62,648,2,5
68,648,3,5
50,649,1,5
53,649,2,5
55,649,3,5
69,650,1,4
79,650,2,4
81,650,3,4
51,651,1,6
56,651,2,6
53,651,3,6
68,652,1,5
80,652,2,5
76,652,3,5
85,653,1,4
86,653,2,4
98,653,3,4
65,654,1,3
70,654,2,3
74,654,3,3
73,655,1,6
79,655,2,6
79,655,3,6
62,656,1,4
67,656,2,4
67,656,3,4
77,657,1,3
67,657,2,3
64,657,3,3
69,658,1,6
66,658,2,6
61,658,3,6
43,659,1,3
60,659,2,3
58,659,3,3
90,660,1,3
87,660,2,3
85,660,3,3
74,661,1,4
77,661,2,4
73,661,3,4
73,662,1,6
66,662,2,6
63,662,3,6
55,663,1,4
71,663,2,4
69,663,3,4
65,664,1,5
69,664,2,5
67,664,3,5
80,665,1,3
63,665,2,3
63,665,3,3
50,666,1,6
60,666,2,6
60,666,3,6
63,667,1,4
73,667,2,4
71,667,3,4
77,668,1,2
85,668,2,2
87,668,3,2
73,669,1,4
74,669,2,4
61,669,3,4
81,670,1,3
72,670,2,3
77,670,3,3
66,671,1,5
76,671,2,5
68,671,3,5
52,672,1,3
57,672,2,3
50,672,3,3
69,673,1,4
78,673,2,4
76,673,3,4
65,674,1,3
84,674,2,3
84,674,3,3
69,675,1,5
77,675,2,5
78,675,3,5
50,676,1,4
64,676,2,4
66,676,3,4
73,677,1,4
78,677,2,4
76,677,3,4
70,678,1,6
82,678,2,6
76,678,3,6
81,679,1,3
75,679,2,3
78,679,3,3
63,680,1,4
61,680,2,4
60,680,3,4
67,681,1,5
72,681,2,5
74,681,3,5
60,682,1,5
68,682,2,5
60,682,3,5
62,683,1,5
55,683,2,5
54,683,3,5
29,684,1,6
40,684,2,6
44,684,3,6
62,685,1,4
66,685,2,4
68,685,3,4
94,686,1,1
99,686,2,1
100,686,3,1
85,687,1,4
75,687,2,4
68,687,3,4
77,688,1,3
78,688,2,3
73,688,3,3
53,689,1,5
58,689,2,5
44,689,3,5
93,690,1,4
90,690,2,4
83,690,3,4
49,691,1,3
53,691,2,3
53,691,3,3
73,692,1,3
76,692,2,3
78,692,3,3
66,693,1,2
74,693,2,2
81,693,3,2
77,694,1,3
77,694,2,3
73,694,3,3
49,695,1,6
63,695,2,6
56,695,3,6
79,696,1,4
89,696,2,4
86,696,3,4
75,697,1,3
82,697,2,3
90,697,3,3
59,698,1,2
72,698,2,2
70,698,3,2
57,699,1,3
78,699,2,3
79,699,3,3
66,700,1,5
66,700,2,5
59,700,3,5
79,701,1,2
81,701,2,2
82,701,3,2
57,702,1,6
67,702,2,6
72,702,3,6
87,703,1,2
84,703,2,2
87,703,3,2
63,704,1,4
64,704,2,4
67,704,3,4
59,705,1,6
63,705,2,6
64,705,3,6
62,706,1,2
72,706,2,2
65,706,3,2
46,707,1,5
34,707,2,5
36,707,3,5
66,708,1,4
59,708,2,4
52,708,3,4
89,709,1,5
87,709,2,5
79,709,3,5
42,710,1,3
61,710,2,3
58,710,3,3
93,711,1,4
84,711,2,4
90,711,3,4
80,712,1,6
85,712,2,6
85,712,3,6
98,713,1,4
100,713,2,4
99,713,3,4
81,714,1,1
81,714,2,1
84,714,3,1
60,715,1,6
70,715,2,6
74,715,3,6
76,716,1,3
94,716,2,3
87,716,3,3
73,717,1,3
78,717,2,3
72,717,3,3
96,718,1,3
96,718,2,3
99,718,3,3
76,719,1,5
76,719,2,5
74,719,3,5
91,720,1,3
73,720,2,3
80,720,3,3
62,721,1,4
72,721,2,4
70,721,3,4
55,722,1,6
59,722,2,6
59,722,3,6
74,723,1,6
90,723,2,6
88,723,3,6
50,724,1,5
48,724,2,5
42,724,3,5
47,725,1,4
43,725,2,4
41,725,3,4
81,726,1,4
74,726,2,4
71,726,3,4
65,727,1,3
75,727,2,3
77,727,3,3
68,728,1,6
51,728,2,6
57,728,3,6
73,729,1,5
92,729,2,5
84,729,3,5
53,730,1,4
39,730,2,4
37,730,3,4
68,731,1,3
77,731,2,3
80,731,3,3
55,732,1,6
46,732,2,6
43,732,3,6
87,733,1,4
89,733,2,4
94,733,3,4
55,734,1,6
47,734,2,6
44,734,3,6
53,735,1,4
58,735,2,4
57,735,3,4
67,736,1,1
57,736,2,1
59,736,3,1
92,737,1,3
79,737,2,3
84,737,3,3
53,738,1,4
66,738,2,4
73,738,3,4
81,739,1,3
71,739,2,3
73,739,3,3
61,740,1,5
60,740,2,5
55,740,3,5
80,741,1,2
73,741,2,2
72,741,3,2
37,742,1,3
57,742,2,3
56,742,3,3
81,743,1,5
84,743,2,5
82,743,3,5
59,744,1,3
73,744,2,3
72,744,3,3
55,745,1,4
55,745,2,4
47,745,3,4
72,746,1,3
79,746,2,3
74,746,3,3
69,747,1,5
75,747,2,5
71,747,3,5
69,748,1,4
64,748,2,4
68,748,3,4
50,749,1,2
60,749,2,2
59,749,3,2
87,750,1,4
84,750,2,4
86,750,3,4
71,751,1,6
69,751,2,6
68,751,3,6
68,752,1,4
72,752,2,4
65,752,3,4
79,753,1,1
77,753,2,1
75,753,3,1
77,754,1,6
90,754,2,6
85,754,3,6
58,755,1,3
55,755,2,3
53,755,3,3
84,756,1,3
95,756,2,3
92,756,3,3
55,757,1,4
58,757,2,4
52,757,3,4
70,758,1,2
68,758,2,2
72,758,3,2
52,759,1,4
59,759,2,4
65,759,3,4
69,760,1,4
77,760,2,4
77,760,3,4
53,761,1,5
72,761,2,5
64,761,3,5
48,762,1,6
58,762,2,6
54,762,3,6
78,763,1,6
81,763,2,6
86,763,3,6
62,764,1,5
62,764,2,5
63,764,3,5
60,765,1,4
63,765,2,4
59,765,3,4
74,766,1,5
72,766,2,5
72,766,3,5
58,767,1,5
75,767,2,5
77,767,3,5
76,768,1,5
62,768,2,5
60,768,3,5
68,769,1,6
71,769,2,6
75,769,3,6
58,770,1,4
60,770,2,4
57,770,3,4
52,771,1,5
48,771,2,5
49,771,3,5
75,772,1,2
73,772,2,2
74,772,3,2
52,773,1,6
67,773,2,6
72,773,3,6
62,774,1,2
78,774,2,2
79,774,3,2
66,775,1,4
65,775,2,4
60,775,3,4
49,776,1,6
58,776,2,6
55,776,3,6
66,777,1,5
72,777,2,5
70,777,3,5
35,778,1,4
44,778,2,4
43,778,3,4
72,779,1,4
79,779,2,4
82,779,3,4
94,780,1,3
85,780,2,3
82,780,3,3
46,781,1,3
56,781,2,3
57,781,3,3
77,782,1,1
90,782,2,1
84,782,3,1
76,783,1,5
85,783,2,5
82,783,3,5
52,784,1,3
59,784,2,3
62,784,3,3
91,785,1,2
81,785,2,2
79,785,3,2
32,786,1,6
51,786,2,6
44,786,3,6
72,787,1,6
79,787,2,6
77,787,3,6
19,788,1,4
38,788,2,4
32,788,3,4
68,789,1,3
65,789,2,3
61,789,3,3
52,790,1,1
65,790,2,1
61,790,3,1
48,791,1,5
62,791,2,5
60,791,3,5
60,792,1,4
66,792,2,4
70,792,3,4
66,793,1,5
74,793,2,5
69,793,3,5
89,794,1,6
84,794,2,6
77,794,3,6
42,795,1,5
52,795,2,5
51,795,3,5
57,796,1,3
68,796,2,3
73,796,3,3
70,797,1,5
70,797,2,5
70,797,3,5
70,798,1,3
84,798,2,3
81,798,3,3
69,799,1,4
60,799,2,4
54,799,3,4
52,800,1,3
55,800,2,3
57,800,3,3
67,801,1,6
73,801,2,6
68,801,3,6
76,802,1,6
80,802,2,6
73,802,3,6
87,803,1,3
94,803,2,3
95,803,3,3
82,804,1,4
85,804,2,4
87,804,3,4
73,805,1,4
76,805,2,4
78,805,3,4
75,806,1,4
81,806,2,4
74,806,3,4
64,807,1,4
74,807,2,4
75,807,3,4
41,808,1,5
45,808,2,5
40,808,3,5
90,809,1,5
75,809,2,5
69,809,3,5
59,810,1,2
54,810,2,2
51,810,3,2
51,811,1,6
31,811,2,6
36,811,3,6
45,812,1,5
47,812,2,5
49,812,3,5
54,813,1,1
64,813,2,1
67,813,3,1
87,814,1,6
84,814,2,6
76,814,3,6
72,815,1,5
80,815,2,5
83,815,3,5
94,816,1,6
86,816,2,6
87,816,3,6
45,817,1,2
59,817,2,2
64,817,3,2
61,818,1,2
70,818,2,2
76,818,3,2
60,819,1,5
72,819,2,5
68,819,3,5
77,820,1,6
91,820,2,6
88,820,3,6
85,821,1,6
90,821,2,6
92,821,3,6
78,822,1,2
90,822,2,2
93,822,3,2
49,823,1,4
52,823,2,4
51,823,3,4
71,824,1,5
87,824,2,5
82,824,3,5
48,825,1,6
58,825,2,6
52,825,3,6
62,826,1,5
67,826,2,5
58,826,3,5
56,827,1,3
68,827,2,3
70,827,3,3
65,828,1,6
69,828,2,6
76,828,3,6
69,829,1,6
86,829,2,6
81,829,3,6
68,830,1,6
54,830,2,6
53,830,3,6
61,831,1,4
60,831,2,4
57,831,3,4
74,832,1,2
86,832,2,2
89,832,3,2
64,833,1,2
60,833,2,2
58,833,3,2
77,834,1,5
82,834,2,5
89,834,3,5
58,835,1,4
50,835,2,4
45,835,3,4
60,836,1,5
64,836,2,5
74,836,3,5
73,837,1,5
64,837,2,5
57,837,3,5
75,838,1,5
82,838,2,5
79,838,3,5
58,839,1,3
57,839,2,3
53,839,3,3
66,840,1,3
77,840,2,3
73,840,3,3
39,841,1,5
52,841,2,5
46,841,3,5
64,842,1,6
58,842,2,6
51,842,3,6
23,843,1,5
44,843,2,5
36,843,3,5
74,844,1,4
77,844,2,4
76,844,3,4
40,845,1,6
65,845,2,6
64,845,3,6
90,846,1,1
85,846,2,1
84,846,3,1
91,847,1,1
85,847,2,1
85,847,3,1
64,848,1,5
54,848,2,5
50,848,3,5
59,849,1,5
72,849,2,5
68,849,3,5
80,850,1,3
75,850,2,3
69,850,3,3
71,851,1,1
67,851,2,1
67,851,3,1
61,852,1,5
68,852,2,5
63,852,3,5
87,853,1,4
85,853,2,4
93,853,3,4
82,854,1,6
67,854,2,6
61,854,3,6
62,855,1,6
64,855,2,6
55,855,3,6
97,856,1,2
97,856,2,2
96,856,3,2
75,857,1,4
68,857,2,4
65,857,3,4
65,858,1,2
79,858,2,2
81,858,3,2
52,859,1,5
49,859,2,5
46,859,3,5
87,860,1,3
73,860,2,3
72,860,3,3
53,861,1,3
62,861,2,3
53,861,3,3
81,862,1,1
86,862,2,1
87,862,3,1
39,863,1,2
42,863,2,2
38,863,3,2
71,864,1,4
71,864,2,4
80,864,3,4
97,865,1,3
93,865,2,3
91,865,3,3
82,866,1,4
82,866,2,4
88,866,3,4
59,867,1,5
53,867,2,5
52,867,3,5
61,868,1,3
42,868,2,3
41,868,3,3
78,869,1,3
74,869,2,3
72,869,3,3
49,870,1,3
51,870,2,3
51,870,3,3
59,871,1,5
58,871,2,5
47,871,3,5
70,872,1,4
72,872,2,4
76,872,3,4
82,873,1,3
84,873,2,3
78,873,3,3
90,874,1,3
90,874,2,3
82,874,3,3
43,875,1,2
62,875,2,2
61,875,3,2
80,876,1,4
64,876,2,4
66,876,3,4
81,877,1,4
82,877,2,4
84,877,3,4
57,878,1,6
61,878,2,6
54,878,3,6
59,879,1,6
72,879,2,6
80,879,3,6
64,880,1,3
76,880,2,3
74,880,3,3
63,881,1,2
64,881,2,2
66,881,3,2
71,882,1,2
70,882,2,2
70,882,3,2
64,883,1,5
73,883,2,5
71,883,3,5
55,884,1,2
46,884,2,2
44,884,3,2
51,885,1,3
51,885,2,3
54,885,3,3
62,886,1,3
76,886,2,3
80,886,3,3
93,887,1,3
100,887,2,3
95,887,3,3
54,888,1,5
72,888,2,5
59,888,3,5
69,889,1,4
65,889,2,4
74,889,3,4
44,890,1,5
51,890,2,5
48,890,3,5
86,891,1,4
85,891,2,4
91,891,3,4
85,892,1,3
92,892,2,3
85,892,3,3
50,893,1,1
67,893,2,1
73,893,3,1
88,894,1,6
74,894,2,6
75,894,3,6
59,895,1,3
62,895,2,3
69,895,3,3
32,896,1,6
34,896,2,6
38,896,3,6
36,897,1,5
29,897,2,5
27,897,3,5
63,898,1,6
78,898,2,6
79,898,3,6
67,899,1,3
54,899,2,3
63,899,3,3
65,900,1,6
78,900,2,6
82,900,3,6
85,901,1,1
84,901,2,1
89,901,3,1
73,902,1,1
78,902,2,1
74,902,3,1
34,903,1,5
48,903,2,5
41,903,3,5
93,904,1,2
100,904,2,2
100,904,3,2
67,905,1,6
84,905,2,6
84,905,3,6
88,906,1,4
77,906,2,4
77,906,3,4
57,907,1,5
48,907,2,5
51,907,3,5
79,908,1,4
84,908,2,4
91,908,3,4
67,909,1,2
75,909,2,2
72,909,3,2
70,910,1,2
64,910,2,2
70,910,3,2
50,911,1,2
42,911,2,2
48,911,3,2
69,912,1,4
84,912,2,4
82,912,3,4
52,913,1,2
61,913,2,2
66,913,3,2
47,914,1,2
62,914,2,2
66,914,3,2
46,915,1,3
61,915,2,3
55,915,3,3
68,916,1,4
70,916,2,4
66,916,3,4
100,917,1,2
100,917,2,2
100,917,3,2
44,918,1,5
61,918,2,5
52,918,3,5
57,919,1,3
77,919,2,3
80,919,3,3
91,920,1,4
96,920,2,4
91,920,3,4
69,921,1,5
70,921,2,5
67,921,3,5
35,922,1,5
53,922,2,5
46,922,3,5
72,923,1,5
66,923,2,5
66,923,3,5
54,924,1,3
65,924,2,3
65,924,3,3
74,925,1,5
70,925,2,5
69,925,3,5
74,926,1,6
64,926,2,6
60,926,3,6
64,927,1,3
56,927,2,3
52,927,3,3
65,928,1,5
61,928,2,5
71,928,3,5
46,929,1,3
43,929,2,3
44,929,3,3
48,930,1,6
56,930,2,6
51,930,3,6
67,931,1,4
74,931,2,4
70,931,3,4
62,932,1,4
57,932,2,4
62,932,3,4
61,933,1,3
71,933,2,3
73,933,3,3
70,934,1,2
75,934,2,2
74,934,3,2
98,935,1,3
87,935,2,3
90,935,3,3
70,936,1,4
63,936,2,4
58,936,3,4
67,937,1,3
57,937,2,3
53,937,3,3
57,938,1,5
58,938,2,5
57,938,3,5
85,939,1,4
81,939,2,4
85,939,3,4
77,940,1,6
68,940,2,6
69,940,3,6
72,941,1,1
66,941,2,1
72,941,3,1
78,942,1,1
91,942,2,1
96,942,3,1
81,943,1,5
66,943,2,5
64,943,3,5
61,944,1,6
62,944,2,6
61,944,3,6
58,945,1,5
68,945,2,5
61,945,3,5
54,946,1,3
61,946,2,3
58,946,3,3
82,947,1,5
82,947,2,5
80,947,3,5
49,948,1,4
58,948,2,4
60,948,3,4
49,949,1,6
50,949,2,6
52,949,3,6
57,950,1,5
75,950,2,5
73,950,3,5
94,951,1,5
73,951,2,5
71,951,3,5
75,952,1,4
77,952,2,4
83,952,3,4
74,953,1,6
74,953,2,6
72,953,3,6
58,954,1,5
52,954,2,5
54,954,3,5
62,955,1,4
69,955,2,4
69,955,3,4
72,956,1,3
57,956,2,3
62,956,3,3
84,957,1,4
87,957,2,4
81,957,3,4
92,958,1,1
100,958,2,1
100,958,3,1
45,959,1,5
63,959,2,5
59,959,3,5
75,960,1,5
81,960,2,5
71,960,3,5
56,961,1,4
58,961,2,4
64,961,3,4
48,962,1,6
54,962,2,6
53,962,3,6
100,963,1,3
100,963,2,3
100,963,3,3
65,964,1,6
76,964,2,6
75,964,3,6
72,965,1,4
57,965,2,4
58,965,3,4
62,966,1,4
70,966,2,4
72,966,3,4
66,967,1,6
68,967,2,6
64,967,3,6
63,968,1,4
63,968,2,4
60,968,3,4
68,969,1,3
76,969,2,3
67,969,3,3
75,970,1,2
84,970,2,2
80,970,3,2
89,971,1,2
100,971,2,2
100,971,3,2
78,972,1,6
72,972,2,6
69,972,3,6
53,973,1,5
50,973,2,5
60,973,3,5
49,974,1,4
65,974,2,4
61,974,3,4
54,975,1,4
63,975,2,4
67,975,3,4
64,976,1,4
82,976,2,4
77,976,3,4
60,977,1,4
62,977,2,4
60,977,3,4
62,978,1,3
65,978,2,3
58,978,3,3
55,979,1,5
41,979,2,5
48,979,3,5
91,980,1,3
95,980,2,3
94,980,3,3
8,981,1,5
24,981,2,5
23,981,3,5
81,982,1,6
78,982,2,6
78,982,3,6
79,983,1,6
85,983,2,6
86,983,3,6
78,984,1,4
87,984,2,4
91,984,3,4
74,985,1,6
75,985,2,6
82,985,3,6
57,986,1,5
51,986,2,5
54,986,3,5
40,987,1,3
59,987,2,3
51,987,3,3
81,988,1,6
75,988,2,6
76,988,3,6
44,989,1,6
45,989,2,6
45,989,3,6
67,990,1,4
86,990,2,4
83,990,3,4
86,991,1,5
81,991,2,5
75,991,3,5
65,992,1,6
82,992,2,6
78,992,3,6
55,993,1,3
76,993,2,3
76,993,3,3
62,994,1,2
72,994,2,2
74,994,3,2
63,995,1,5
63,995,2,5
62,995,3,5
88,996,1,1
99,996,2,1
95,996,3,1
62,997,1,5
55,997,2,5
55,997,3,5
59,998,1,5
71,998,2,5
65,998,3,5
68,999,1,4
78,999,2,4
77,999,3,4
77,1000,1,4
86,1000,2,4
86,1000,3,4
